Juan,jempleado1,1234,2005-03-21,N/A,N/A
Federico,fede123,1234,1995-05-05,N/A,N/A
David,david123,1234,2000-01-01,N/A,N/A
Tony,tony123,1234,1990-03-03,N/A,N/A
Federico,fede123,1234,1995-05-05,N/A,N/A
David,david123,1234,2000-01-01,N/A,N/A
Tony,tony123,1234,1990-03-03,N/A,N/A
Federico,fede123,1234,1995-05-05,N/A,N/A
David,david123,1234,2000-01-01,N/A,N/A
Tony,tony123,1234,1990-03-03,N/A,N/A
Federico,fede123,1234,1995-05-05,N/A,N/A
David,david123,1234,2000-01-01,N/A,N/A
Tony,tony123,1234,1990-03-03,N/A,N/A
Federico,fede123,1234,1995-05-05,N/A,N/A
David,david123,1234,2000-01-01,N/A,N/A
Tony,tony123,1234,1990-03-03,N/A,N/A
Federico,fede123,1234,1995-05-05,N/A,N/A
David,david123,1234,2000-01-01,N/A,N/A
Tony,tony123,1234,1990-03-03,N/A,N/A
Federico,fede123,1234,1995-05-05,N/A,N/A
David,david123,1234,2000-01-01,N/A,N/A
Tony,tony123,1234,1990-03-03,N/A,N/A
Federico,fede123,1234,1995-05-05,N/A,N/A
David,david123,1234,2000-01-01,N/A,N/A
Tony,tony123,1234,1990-03-03,N/A,N/A
Federico,fede123,1234,1995-05-05,N/A,N/A
David,david123,1234,2000-01-01,N/A,N/A
Tony,tony123,1234,1990-03-03,N/A,N/A
Federico,fede123,1234,1995-05-05,N/A,N/A
David,david123,1234,2000-01-01,N/A,N/A
Tony,tony123,1234,1990-03-03,N/A,N/A
Federico,fede123,1234,1995-05-05,N/A,N/A
David,david123,1234,2000-01-01,N/A,N/A
Tony,tony123,1234,1990-03-03,N/A,N/A
Federico,fede123,1234,1995-05-05,N/A,N/A
David,david123,1234,2000-01-01,N/A,N/A
Tony,tony123,1234,1990-03-03,N/A,N/A
Federico,fede123,1234,1995-05-05,N/A,N/A
David,david123,1234,2000-01-01,N/A,N/A
Tony,tony123,1234,1990-03-03,N/A,N/A
Pablo,pepelpa,12345,05/07/2025,N/A,N/A
